code,address
STR0001,Kho Miền Bắc
STR0002,Kho Miền Trung
STR0003,Kho Miền Nam
STR0004,Kho Miền Bắc
STR0005,Kho Miền Trung
STR0006,Kho Miền Nam
STR0007,Kho Miền Bắc
STR0008,Kho Miền Trung
STR0009,Kho Miền Nam
STR0010,Kho Miền Bắc
STR0011,Kho Miền Trung
STR0012,Kho Miền Nam
STR0013,Kho Miền Bắc
STR0014,Kho Miền Trung
STR0015,Kho Miền Nam
STR0016,Kho Miền Bắc
STR0017,Kho Miền Trung
STR0018,Kho Miền Nam
STR0019,Kho Miền Bắc
STR0020,Kho Miền Trung
STR0021,Kho Miền Nam
STR0022,Kho Miền Bắc
STR0023,Kho Miền Trung
STR0024,Kho Miền Nam
STR0025,Kho Miền Bắc
STR0026,Kho Miền Trung
STR0027,Kho Miền Nam
STR0028,Kho Miền Bắc
STR0029,Kho Miền Trung
STR0030,Kho Miền Nam